TIME, U1, U2, U3, I1, I2, I3
0.0, -392.06, -393.022, -391.932, -9.79, -7.43, -9.2
0.02, 392.752, 392.304, 392.537, 8.01, 10.57, 8.47
0.04, -392.196, -393.022, -392.068, -9.79, -7.43, -9.31
0.06, 392.956, 392.304, 392.741, 8.45, 10.46, 8.58
0.08, -392.196, -393.226, -392.0, -9.79, -7.43, -9.09
0.1, 392.684, 392.44, 392.673, 8.01, 10.46, 8.58
0.12, -392.06, -392.818, -392.0, -9.68, -7.32, -9.2
0.14, 392.752, 392.372, 392.741, 8.01, 10.46, 8.47
0.16, -392.196, -393.022, -392.0, -9.57, -7.54, -8.98
0.18, 392.752, 392.304, 392.673, 8.12, 10.46, 8.47
0.2, -392.06, -393.294, -392.0, -9.79, -7.54, -9.53
0.22, 392.956, 392.168, 392.673, 8.01, 10.34, 8.47
0.24, -392.196, -392.75, -392.068, -9.68, -7.43, -9.2
0.26, 392.82, 392.236, 392.673, 8.12, 10.46, 8.36
0.28, -392.264, -392.818, -392.0, -9.68, -7.54, -9.2
0.3, 392.82, 392.032, 392.673, 8.01, 10.57, 8.36
0.32, -392.128, -392.954, -392.068, -10.01, -7.54, -9.09
0.34, 392.888, 392.1, 392.673, 8.12, 10.57, 8.58
0.36, -392.196, -392.818, -391.932, -9.57, -7.65, -9.2
0.38, 392.82, 392.236, 392.605, 8.12, 10.68, 8.47
0.4, -392.06, -392.886, -392.136, -9.9, -7.43, -9.09
0.42, 392.82, 392.1, 392.673, 8.12, 10.57, 8.47
0.44, -392.264, -392.818, -392.068, -9.57, -7.54, -9.31
0.46, 392.82, 392.168, 392.673, 8.12, 10.34, 8.36
0.48, -392.332, -393.09, -392.0, -9.9, -7.43, -8.98
0.5, 392.82, 392.168, 392.605, 7.9, 10.34, 8.25
0.52, -392.196, -393.158, -392.0, -9.68, -7.54, -9.2
0.54, 392.956, 392.44, 392.673, 8.34, 10.46, 8.47
0.56, -392.332, -393.362, -392.0, -9.68, -7.54, -9.2
0.58, 392.752, 392.372, 392.673, 8.01, 10.57, 8.47
0.6, -392.264, -393.158, -391.932, -9.68, -7.43, -9.2
0.62, 392.888, 392.508, 392.673, 8.23, 10.34, 8.47
0.64, -392.196, -393.294, -392.068, -9.9, -7.65, -9.09
0.66, 392.888, 392.576, 392.673, 8.23, 10.34, 8.36
0.68, -392.128, -393.09, -391.864, -9.68, -7.32, -9.2
0.7, 392.956, 392.372, 392.673, 8.01, 10.34, 8.36
0.72, -392.264, -393.158, -392.0, -9.57, -7.54, -9.2
0.74, 392.82, 392.372, 392.605, 8.12, 10.34, 8.36
0.76, -392.4, -393.022, -392.068, -9.79, -7.43, -9.09
0.78, 393.024, 392.508, 392.605, 8.12, 10.46, 8.36
0.8, -392.264, -393.022, -392.068, -9.68, -7.43, -8.98
0.82, 392.888, 392.236, 392.673, 8.01, 10.23, 8.58
0.84, -392.536, -392.954, -392.0, -10.01, -7.32, -9.31
0.86, 393.024, 392.304, 392.605, 8.12, 10.34, 8.47
0.88, -392.332, -392.954, -392.0, -9.79, -7.54, -8.98
0.9, 392.956, 392.236, 392.673, 8.12, 10.46, 8.47
0.92, -392.196, -392.954, -392.068, -9.79, -7.43, -9.09
0.94, 392.82, 392.236, 392.537, 8.01, 10.34, 8.36
0.96, -392.264, -392.954, -392.068, -10.01, -7.43, -9.2
0.98, 393.092, 392.44, 392.673, 8.23, 10.46, 8.36
1.0, -392.332, -392.886, -391.864, -9.79, -7.43, -9.42
1.02, 393.092, 392.236, 392.673, 8.01, 10.46, 8.36
1.04, -392.332, -392.886, -392.068, -9.68, -7.32, -9.31
1.06, 392.956, 392.304, 392.469, 8.01, 10.46, 8.36
1.08, -392.4, -392.954, -391.932, -9.57, -7.54, -9.09
1.1, 392.956, 392.236, 392.673, 8.23, 10.34, 8.58
1.12, -392.264, -393.022, -392.068, -9.68, -7.54, -9.2
1.14, 392.888, 392.168, 392.605, 8.12, 10.23, 8.36
1.16, -392.332, -392.886, -392.068, -9.57, -7.54, -9.09
1.18, 392.888, 392.304, 392.605, 8.34, 10.34, 8.25
1.2, -392.332, -392.818, -392.0, -9.79, -7.54, -9.09
1.22, 392.956, 392.168, 392.605, 8.01, 10.46, 8.58
1.24, -392.468, -392.886, -392.068, -9.79, -7.54, -9.09
1.26, 393.024, 392.032, 392.673, 8.23, 10.57, 8.47
1.28, -392.4, -393.09, -391.932, -9.9, -7.43, -9.09
1.3, 392.888, 392.508, 392.605, 8.23, 10.46, 8.25
1.32, -392.4, -393.09, -391.932, -9.68, -7.65, -9.09
1.34, 392.888, 392.304, 392.605, 8.23, 10.46, 8.36
1.36, -392.264, -393.09, -392.0, -10.12, -7.54, -9.42
1.38, 392.888, 392.372, 392.673, 8.01, 10.57, 8.36
1.4, -392.4, -393.09, -391.932, -9.79, -7.43, -9.09
1.42, 392.956, 392.304, 392.741, 8.23, 10.46, 8.47
1.44, -392.468, -393.226, -392.0, -9.68, -7.43, -9.2
1.46, 393.024, 392.304, 392.605, 8.23, 10.46, 8.47
1.48, -392.4, -393.09, -392.136, -9.79, -7.43, -9.31
1.5, 392.956, 392.44, 392.537, 7.9, 10.57, 8.69
1.52, -392.468, -393.158, -391.864, -9.79, -7.43, -9.09
1.54, 393.024, 392.304, 392.537, 8.12, 10.34, 8.58
1.56, -392.4, -393.022, -392.0, -9.68, -7.43, -9.2
1.58, 393.024, 392.236, 392.537, 8.01, 10.46, 8.58
1.6, -392.4, -392.886, -392.0, -9.68, -7.32, -9.2
1.62, 393.024, 392.1, 392.741, 7.9, 10.34, 8.36
1.64, -392.264, -392.954, -392.136, -9.79, -7.43, -9.09
1.66, 393.092, 392.304, 392.741, 8.12, 10.46, 8.58
1.68, -392.4, -393.022, -392.068, -9.57, -7.43, -9.09
1.7, 392.956, 392.236, 392.741, 8.12, 10.46, 8.36
1.72, -392.4, -392.886, -392.068, -9.79, -7.43, -9.09
1.74, 393.024, 392.372, 392.673, 8.12, 10.57, 8.36
1.76, -392.264, -392.886, -392.068, -9.57, -7.32, -9.2
1.78, 393.024, 392.168, 392.741, 8.01, 10.46, 8.36
1.8, -392.468, -392.818, -392.136, -9.9, -7.32, -9.31
1.82, 392.956, 392.1, 392.673, 7.9, 10.34, 8.47
1.84, -392.468, -392.818, -392.136, -9.79, -7.43, -9.2
1.86, 393.16, 392.1, 392.673, 8.12, 10.34, 8.36
1.88, -392.264, -392.818, -392.068, -9.68, -7.54, -8.98
1.9, 392.956, 392.1, 392.673, 7.9, 10.57, 8.36
1.92, -392.4, -392.886, -392.068, -9.79, -7.43, -9.09
1.94, 393.16, 392.168, 392.741, 8.12, 10.34, 8.47
1.96, -392.128, -392.75, -392.068, -9.9, -7.43, -9.09
1.98, 393.024, 392.1, 392.809, 8.01, 10.68, 8.58
2.0, -392.128, -392.682, -392.136, -9.9, -7.43, -9.31
2.02, 392.888, 392.1, 392.877, 8.01, 10.57, 8.47
2.04, -392.128, -393.022, -392.204, -9.79, -7.54, -8.98
2.06, 392.888, 392.44, 392.673, 8.12, 10.57, 8.47
2.08, -392.196, -393.022, -392.068, -9.79, -7.54, -9.09
2.1, 393.024, 392.372, 392.945, 8.12, 10.34, 8.47
2.12, -392.196, -393.09, -392.068, -9.79, -7.43, -8.98
2.14, 392.888, 392.372, 392.741, 8.01, 10.46, 8.36
2.16, -392.332, -393.022, -392.0, -9.68, -7.43, -9.31
2.18, 392.888, 392.168, 392.741, 8.01, 10.34, 8.36
2.2, -392.196, -393.09, -392.136, -9.68, -7.43, -9.31
2.22, 392.956, 392.304, 392.809, 8.01, 10.34, 8.58
2.24, -392.264, -392.954, -392.068, -9.79, -7.65, -9.31
2.26, 392.888, 392.304, 392.809, 8.12, 10.23, 8.36
2.28, -392.128, -393.022, -392.136, -9.79, -7.43, -9.2
2.3, 392.888, 392.236, 392.741, 8.01, 10.46, 8.47
2.32, -392.128, -393.022, -392.204, -9.68, -7.65, -9.2
2.34, 392.888, 392.372, 392.809, 7.9, 10.34, 8.36
2.36, -392.128, -393.022, -392.0, -9.57, -7.43, -9.2
2.38, 393.024, 392.168, 392.673, 8.01, 10.34, 8.36
2.4, -392.196, -392.818, -392.068, -9.79, -7.54, -9.09
2.42, 392.956, 392.236, 392.741, 8.12, 10.46, 8.36
2.44, -392.196, -392.886, -392.136, -9.68, -7.43, -9.2
2.46, 392.956, 392.168, 392.809, 7.9, 10.46, 8.47
2.48, -392.196, -392.886, -392.204, -9.79, -7.43, -9.2
2.5, 393.024, 392.168, 392.877, 8.01, 10.68, 8.25
2.52, -392.128, -392.818, -392.0, -9.79, -7.43, -9.09
2.54, 393.16, 392.1, 392.809, 7.9, 10.34, 8.58
2.56, -392.196, -392.75, -392.204, -9.79, -7.43, -9.42
2.58, 392.956, 392.236, 392.809, 8.23, 10.46, 8.58
2.6, -392.128, -393.022, -392.0, -9.79, -7.54, -9.09
2.62, 392.82, 392.168, 392.809, 7.9, 10.57, 8.36
2.64, -392.196, -392.954, -392.068, -9.68, -7.43, -9.2
2.66, 392.888, 392.032, 392.809, 8.01, 10.34, 8.36
2.68, -392.196, -393.022, -392.0, -9.68, -7.43, -9.09
2.7, 392.888, 391.964, 392.741, 8.01, 10.34, 8.47
2.72, -392.196, -392.886, -392.136, -9.79, -7.54, -9.2
2.74, 392.888, 392.032, 392.809, 8.12, 10.46, 8.47
2.76, -392.196, -392.818, -392.136, -9.57, -7.43, -9.2
2.78, 392.888, 392.032, 392.741, 8.23, 10.57, 8.36
2.8, -392.264, -393.226, -392.0, -9.68, -7.43, -9.31
2.82, 392.956, 392.236, 392.673, 8.01, 10.46, 8.47
2.84, -392.196, -393.158, -392.068, -9.79, -7.43, -9.31
2.86, 392.82, 392.236, 392.741, 8.23, 10.57, 8.36
2.88, -392.4, -393.158, -392.136, -9.9, -7.54, -9.31
2.9, 392.888, 392.236, 392.809, 8.23, 10.23, 8.36
2.92, -392.264, -393.022, -392.068, -9.79, -7.54, -9.2
2.94, 392.888, 392.372, 392.809, 8.23, 10.34, 8.47
2.96, -392.332, -392.954, -392.0, -9.57, -7.54, -8.98
2.98, 392.888, 392.168, 392.809, 8.34, 10.46, 8.47
3.0, -392.264, -392.818, -392.068, -9.68, -7.43, -9.2
3.02, 392.888, 392.168, 392.741, 8.12, 10.46, 8.47
3.04, -392.264, -392.818, -392.0, -9.79, -7.54, -9.31
3.06, 393.092, 392.168, 392.741, 8.12, 10.46, 8.58
3.08, -392.196, -392.954, -392.0, -9.68, -7.43, -9.2
3.1, 392.888, 392.304, 392.741, 8.12, 10.46, 8.47
3.12, -392.332, -392.886, -392.0, -9.68, -7.32, -9.31
3.14, 392.82, 392.168, 392.809, 8.01, 10.46, 8.47
3.16, -392.264, -392.954, -392.0, -9.68, -7.65, -9.31
3.18, 393.024, 392.236, 392.741, 8.12, 10.46, 8.36
3.2, -392.196, -392.886, -392.068, -9.68, -7.43, -9.42
3.22, 392.888, 392.1, 392.741, 7.9, 10.57, 8.36
3.24, -392.264, -392.954, -392.068, -9.68, -7.54, -9.2
3.26, 392.956, 392.1, 392.809, 8.12, 10.46, 8.36
3.28, -392.264, -392.818, -391.932, -9.68, -7.43, -9.2
3.3, 392.956, 392.1, 392.741, 8.23, 10.46, 8.36
3.32, -392.196, -392.75, -392.0, -9.57, -7.32, -9.53
3.34, 392.956, 392.032, 392.673, 8.01, 10.46, 8.36
3.36, -392.196, -392.75, -391.932, -9.57, -7.54, -8.98
3.38, 392.752, 392.032, 392.741, 8.01, 10.34, 8.36
3.4, -392.128, -392.75, -391.932, -9.68, -7.43, -9.2
3.42, 392.956, 391.964, 392.673, 8.12, 10.46, 8.36
3.44, -392.332, -392.954, -391.864, -9.9, -7.65, -9.09
3.46, 392.82, 392.032, 392.673, 7.9, 10.34, 8.36
3.48, -392.264, -392.614, -391.864, -9.68, -7.32, -8.98
3.5, 392.82, 391.896, 392.741, 8.01, 10.23, 8.36
3.52, -392.264, -392.682, -391.932, -9.57, -7.43, -9.2
3.54, 392.888, 391.964, 392.673, 7.9, 10.34, 8.36
3.56, -392.196, -393.09, -392.068, -9.68, -7.32, -9.2
3.58, 392.888, 392.44, 392.741, 8.12, 10.46, 8.36
3.6, -392.06, -393.158, -392.0, -9.68, -7.43, -9.31
3.62, 393.024, 392.44, 392.741, 8.01, 10.34, 8.47
3.64, -392.264, -393.226, -391.796, -9.79, -7.43, -8.98
3.66, 392.888, 392.44, 392.741, 7.9, 10.34, 8.58
3.68, -392.4, -393.226, -391.932, -9.68, -7.54, -8.98
3.7, 393.024, 392.304, 392.605, 8.23, 10.46, 8.36
3.72, -392.4, -393.158, -391.864, -9.68, -7.54, -9.2
3.74, 392.956, 392.372, 392.673, 8.01, 10.46, 8.36
3.76, -392.196, -393.158, -391.864, -9.79, -7.54, -9.09
3.78, 392.956, 392.372, 392.605, 8.12, 10.34, 8.69
3.8, -392.264, -393.022, -391.864, -9.57, -7.43, -9.2
3.82, 393.092, 392.372, 392.741, 8.01, 10.23, 8.36
3.84, -392.264, -393.09, -391.932, -9.79, -7.43, -9.09
3.86, 392.888, 392.236, 392.605, 8.01, 10.46, 8.36
3.88, -392.264, -393.09, -391.932, -9.68, -7.43, -9.2
3.9, 393.024, 392.236, 392.673, 8.01, 10.46, 8.36
3.92, -392.264, -393.022, -391.864, -9.79, -7.21, -9.2
3.94, 392.956, 392.304, 392.673, 8.01, 10.34, 8.47
3.96, -392.332, -393.022, -391.864, -9.68, -7.43, -9.2
3.98, 392.956, 392.236, 392.673, 7.9, 10.46, 8.58
4.0, -392.128, -392.954, -391.932, -9.57, -7.32, -9.2
4.02, 392.888, 392.236, 392.741, 8.01, 10.34, 8.36
4.04, -392.196, -392.886, -391.728, -9.68, -7.43, -9.2
4.06, 392.888, 392.168, 392.877, 8.12, 10.34, 8.36
4.08, -391.992, -393.022, -391.932, -9.68, -7.54, -8.98
4.1, 392.82, 392.032, 392.673, 8.12, 10.34, 8.36
4.12, -392.264, -392.954, -391.864, -10.12, -7.43, -9.09
4.14, 393.16, 392.168, 392.605, 8.12, 10.23, 8.47
4.16, -392.196, -392.818, -391.864, -9.79, -7.43, -9.09
4.18, 392.82, 392.1, 392.673, 8.12, 10.46, 8.47
4.2, -392.128, -392.886, -391.932, -9.68, -7.43, -9.2
4.22, 393.024, 392.168, 392.673, 8.12, 10.46, 8.47
4.24, -392.128, -392.75, -391.864, -9.9, -7.43, -9.2
4.26, 392.684, 392.1, 392.673, 8.23, 10.34, 8.47
4.28, -392.06, -392.75, -392.0, -9.68, -7.43, -8.98
4.3, 392.82, 392.1, 392.673, 8.12, 10.34, 8.36
4.32, -392.128, -393.022, -391.864, -9.57, -7.32, -9.2
4.34, 393.024, 392.372, 392.673, 8.23, 10.34, 8.36
4.36, -392.06, -393.226, -392.0, -9.57, -7.32, -9.31
4.38, 393.024, 392.576, 392.605, 7.9, 10.46, 8.36
4.4, -392.196, -393.09, -391.864, -9.79, -7.43, -8.98
4.42, 392.888, 392.44, 392.741, 8.01, 10.23, 8.47
4.44, -392.264, -393.09, -391.932, -9.68, -7.43, -9.09
4.46, 392.888, 392.372, 392.605, 8.01, 10.34, 8.36
4.48, -392.264, -393.09, -391.796, -9.68, -7.54, -9.2
4.5, 392.888, 392.372, 392.605, 8.01, 10.34, 8.36
4.52, -392.264, -393.022, -391.864, -9.79, -7.43, -9.2
4.54, 392.956, 392.372, 392.605, 8.01, 10.46, 8.36
4.56, -392.264, -393.09, -392.0, -9.57, -7.65, -9.2
4.58, 392.82, 392.372, 392.605, 8.01, 10.57, 8.58
4.6, -392.4, -393.022, -391.864, -9.68, -7.65, -9.2
4.62, 393.092, 392.236, 392.605, 8.12, 10.46, 8.47
4.64, -392.06, -393.022, -391.864, -9.68, -7.43, -9.09
4.66, 393.16, 392.372, 392.673, 8.01, 10.46, 8.25
4.68, -392.264, -393.022, -391.932, -9.79, -7.43, -8.98
4.7, 392.956, 392.236, 392.741, 8.12, 10.23, 8.36
4.72, -392.128, -392.954, -392.0, -9.79, -7.65, -9.09
4.74, 392.82, 392.168, 392.605, 8.23, 10.23, 8.47
4.76, -392.06, -393.09, -392.136, -9.79, -7.65, -9.09
4.78, 392.888, 392.304, 392.741, 7.9, 10.34, 8.36
4.8, -392.128, -392.886, -392.068, -9.68, -7.43, -8.98
4.82, 392.956, 392.236, 392.741, 8.12, 10.79, 8.47
4.84, -392.264, -392.818, -392.204, -9.68, -7.54, -9.2
4.86, 392.888, 392.1, 392.809, 8.01, 10.46, 8.47
4.88, -392.06, -392.75, -392.136, -9.79, -7.65, -9.09
4.9, 393.024, 392.168, 392.945, 8.01, 10.68, 8.47
4.92, -392.06, -392.954, -392.068, -9.57, -7.43, -9.09
4.94, 392.888, 392.1, 392.741, 8.01, 10.23, 8.36
4.96, -392.196, -392.954, -392.0, -9.68, -7.54, -9.09
4.98, 392.888, 392.168, 392.741, 8.12, 10.23, 8.58
5.0, -392.332, -392.954, -392.0, -9.68, -7.54, -8.98
5.02, 393.092, 392.032, 392.741, 8.34, 10.57, 8.36
5.04, -392.128, -392.886, -392.204, -9.79, -7.43, -9.09
5.06, 392.956, 392.168, 392.741, 8.12, 10.46, 8.58
5.08, -392.128, -393.09, -392.068, -9.79, -7.43, -9.09
5.1, 392.956, 392.44, 392.741, 8.01, 10.46, 8.47
5.12, -392.128, -393.09, -392.068, -9.57, -7.43, -8.98
5.14, 392.956, 392.44, 392.809, 8.12, 10.34, 8.58
5.16, -392.332, -393.362, -392.068, -9.79, -7.54, -9.09
5.18, 392.888, 392.508, 392.809, 8.01, 10.23, 8.47
5.2, -392.264, -393.022, -392.0, -9.68, -7.65, -8.98
5.22, 393.092, 392.372, 392.809, 8.01, 10.34, 8.47
5.24, -392.196, -393.022, -392.136, -9.9, -7.54, -9.09
5.26, 393.024, 392.44, 392.741, 8.01, 10.34, 8.47
5.28, -392.332, -393.022, -392.068, -9.79, -7.43, -9.09
5.3, 393.024, 392.508, 392.877, 8.23, 10.46, 8.47
5.32, -392.332, -393.158, -392.136, -9.68, -7.43, -9.2
5.34, 393.092, 392.372, 392.945, 8.01, 10.23, 8.47
5.36, -392.264, -393.158, -392.136, -9.68, -7.43, -9.31
5.38, 393.024, 392.372, 392.809, 8.12, 10.34, 8.47
5.4, -392.196, -395.334, -392.817, -11.34, -10.67, -10.4
5.42, 170.366, 392.236, 393.354, 11.44, 14.26, 10.1
5.44, -169.606, -393.226, -392.272, -2.16, -0.61, -2.33
5.46, 170.162, 392.508, 392.809, 0.49, 3.3, 1.6
5.48, -169.606, -393.158, -392.272, -2.16, -0.28, -2.22
5.5, 170.162, 392.44, 392.809, 0.49, 3.3, 1.49
5.52, -169.606, -393.226, -392.204, -2.16, -0.39, -2.33
5.54, 170.162, 392.44, 392.809, 0.49, 3.08, 1.38
5.56, -169.538, -393.226, -392.272, -2.27, -0.39, -2.22
5.58, 170.162, 392.44, 392.809, 0.93, 3.3, 1.71
5.6, -169.606, -393.158, -392.204, -2.27, -0.28, -2.11
5.62, 170.23, 392.576, 392.877, 0.49, 3.3, 1.49
5.64, -169.606, -393.226, -392.272, -2.16, -0.39, -2.22
5.66, 170.162, 392.508, 392.877, 0.6, 3.3, 1.6
5.68, -169.674, -393.158, -392.272, -2.16, -0.39, -2.33
5.7, 170.23, 392.44, 392.809, 0.6, 3.3, 1.38
5.72, -169.742, -393.158, -392.136, -2.38, -0.28, -2.22
5.74, 170.298, 392.44, 392.877, 0.49, 3.19, 1.49
5.76, -169.606, -393.158, -392.272, -2.27, -0.28, -2.22
5.78, 170.162, 392.576, 392.945, 0.49, 3.3, 1.49
5.8, -169.674, -393.158, -392.272, -2.27, -0.39, -2.22
5.82, 170.162, 392.372, 393.013, 0.6, 3.3, 1.49
5.84, -169.742, -393.226, -392.204, -2.16, -0.28, -2.22
5.86, 170.298, 392.508, 392.945, 0.49, 3.19, 1.6
5.88, -169.674, -393.226, -392.204, -2.38, -0.39, -2.11
5.9, 170.23, 392.576, 392.945, 0.6, 3.52, 1.49
5.92, -169.606, -393.226, -392.272, -2.27, -0.39, -2.33
5.94, 170.23, 392.576, 392.809, 0.49, 3.19, 1.49
5.96, -169.742, -393.158, -392.34, -2.16, -0.28, -2.11
5.98, 170.434, 392.576, 392.809, 0.49, 3.08, 1.49
6.0, -169.674, -393.158, -392.136, -2.27, -0.39, -2.11
6.02, 170.298, 392.508, 392.945, 0.49, 3.3, 1.49
6.04, -169.402, -393.158, -392.272, -2.49, -0.5, -2.11
6.06, 170.094, 392.576, 392.945, 0.49, 3.3, 1.38
6.08, -169.538, -393.09, -392.204, -2.27, -0.39, -2.22
6.1, 170.094, 392.508, 392.945, 0.49, 3.19, 1.49
6.12, -169.47, -392.886, -392.068, -2.16, -0.39, -2.33
6.14, 170.094, 392.236, 392.741, 0.71, 3.3, 1.49
6.16, -169.47, -392.886, -392.136, -2.16, -0.5, -2.11
6.18, 170.162, 392.168, 392.809, 0.38, 3.3, 1.6
6.2, -169.47, -392.886, -392.136, -2.16, -0.39, -2.11
6.22, 169.958, 392.372, 392.809, 0.49, 3.3, 1.38
6.24, -169.402, -393.022, -392.068, -2.27, -0.28, -2.22
6.26, 170.23, 392.1, 392.741, 0.49, 3.19, 1.6
6.28, -169.47, -392.886, -392.136, -2.27, -0.39, -2.22
6.3, 170.094, 392.168, 392.741, 0.6, 3.3, 1.49
6.32, -169.47, -392.818, -392.136, -2.38, -0.39, -2.22
6.34, 170.026, 392.236, 392.809, 0.71, 3.19, 1.49
6.36, -169.47, -392.886, -392.136, -2.27, -0.39, -2.22
6.38, 170.026, 392.1, 392.741, 0.49, 3.41, 1.49
6.4, -169.402, -392.818, -392.204, -2.27, -0.28, -2.22
6.42, 170.162, 392.1, 392.741, 0.49, 3.41, 1.38
6.44, -169.47, -393.022, -392.0, -2.27, -0.28, -2.11
6.46, 170.026, 392.1, 392.741, 0.6, 3.3, 1.38
6.48, -169.47, -392.818, -392.136, -2.16, -0.28, -2.22
6.5, 170.094, 392.168, 392.809, 0.49, 3.19, 1.38
6.52, -169.47, -392.818, -392.068, -2.16, -0.28, -2.33
6.54, 170.094, 392.168, 392.877, 0.6, 3.3, 1.49
6.56, -169.538, -392.818, -392.068, -2.27, -0.28, -2.33
6.58, 170.094, 392.168, 392.741, 0.6, 3.3, 1.38
6.6, -169.606, -392.954, -392.136, -2.16, -0.39, -2.11
6.62, 170.162, 392.304, 392.673, 0.6, 3.19, 1.38
6.64, -169.538, -392.954, -392.204, -2.16, -0.28, -2.22
6.66, 170.026, 392.372, 392.809, 0.6, 3.3, 1.38
6.68, -169.47, -392.886, -392.136, -2.27, -0.28, -2.22
6.7, 170.026, 392.372, 392.741, 0.49, 3.19, 1.71
6.72, -169.47, -392.954, -392.34, -2.27, -0.5, -2.11
6.74, 169.958, 392.236, 392.877, 0.49, 3.3, 1.38
6.76, -169.47, -393.022, -392.136, -2.16, -0.39, -2.22
6.78, 170.026, 392.236, 392.741, 0.6, 3.19, 1.38
6.8, -169.47, -393.022, -392.204, -2.16, -0.28, -2.33
6.82, 170.026, 392.304, 392.741, 0.6, 3.3, 1.49
6.84, -169.606, -393.022, -392.136, -2.27, -0.39, -2.22
6.86, 170.026, 392.168, 392.809, 0.38, 3.3, 1.6
6.88, -169.402, -392.886, -392.136, -2.16, -0.28, -2.22
6.9, 170.094, 392.236, 392.877, 0.49, 3.19, 1.49
6.92, -169.334, -392.818, -391.932, -1.5, 0.84, -1.02
6.94, 169.89, 392.1, 392.605, -0.06, 2.18, 0.4
6.96, -169.402, -392.818, -391.932, -1.5, 0.84, -1.13
6.98, 169.89, 391.964, 392.605, -0.06, 2.41, 0.29
7.0, -169.402, -392.818, -392.0, -1.61, 0.73, -1.13
7.02, 170.026, 392.1, 392.605, -0.17, 2.29, 0.29
7.04, -169.334, -392.682, -391.932, -1.5, 0.73, -1.02
7.06, 169.89, 392.032, 392.673, -0.28, 2.18, 0.4
7.08, -169.334, -392.818, -392.0, -1.5, 0.62, -1.13
7.1, 169.89, 392.032, 392.605, -0.06, 2.29, 0.51
7.12, -169.334, -392.682, -392.0, -1.5, 0.62, -1.13
7.14, 169.89, 392.032, 392.605, -0.17, 2.29, 0.4
7.16, -169.334, -392.75, -392.0, -1.5, 0.73, -1.02
7.18, 170.026, 392.032, 392.673, -0.17, 2.18, 0.4
7.2, -169.266, -392.75, -392.0, -1.61, 0.73, -1.13
7.22, 169.822, 392.032, 392.673, -0.17, 2.41, 0.4
7.24, -169.266, -392.682, -391.932, -1.72, 0.73, -1.24
7.26, 169.89, 391.896, 392.741, -0.17, 2.29, 0.4
7.28, -169.334, -392.682, -392.068, -1.61, 0.73, -1.13
7.3, 169.958, 391.964, 392.605, -0.17, 2.18, 0.4
7.32, -169.334, -392.682, -392.0, -1.61, 0.62, -1.24
7.34, 169.958, 391.964, 392.537, 0.05, 2.41, 0.51
7.36, -169.402, -392.818, -392.0, -1.72, 0.62, -1.13
7.38, 169.958, 392.1, 392.605, -0.17, 2.29, 0.4
7.4, -169.402, -392.818, -392.0, -1.61, 0.73, -1.24
7.42, 169.958, 392.168, 392.605, -0.17, 2.18, 0.4
7.44, -169.47, -393.022, -391.932, -1.5, 0.73, -1.35
7.46, 170.094, 392.1, 392.673, -0.17, 2.29, 0.51
7.48, -169.198, -392.886, -392.0, -1.5, 0.62, -1.02
7.5, 169.89, 392.1, 392.537, -0.17, 2.18, 0.4
7.52, -169.334, -392.75, -392.0, -1.39, 0.73, -1.13
7.54, 169.89, 392.168, 392.673, -0.06, 2.29, 0.4
7.56, -169.334, -392.818, -391.932, -1.5, 0.73, -1.02
7.58, 169.89, 392.032, 392.673, -0.06, 2.18, 0.4
7.6, -169.334, -392.818, -392.0, -1.5, 0.73, -1.13
7.62, 169.822, 392.1, 392.605, -0.06, 2.29, 0.4
7.64, -169.334, -392.818, -391.932, -1.5, 0.73, -1.24
7.66, 169.89, 392.1, 392.809, -0.28, 2.18, 0.4
7.68, -169.334, -392.75, -392.0, -1.61, 0.73, -1.24
7.7, 169.958, 392.032, 392.673, -0.17, 2.29, 0.4
7.72, -169.334, -392.75, -392.0, -1.61, 0.73, -1.02
7.74, 169.958, 392.032, 392.605, -0.06, 2.29, 0.4
7.76, -169.266, -392.818, -392.0, -1.5, 0.73, -1.24
7.78, 169.958, 392.1, 392.605, -0.06, 2.29, 0.51
7.8, -169.402, -392.682, -391.932, -1.72, 0.62, -1.13
7.82, 170.026, 392.032, 392.673, -0.17, 2.18, 0.4
7.84, -169.334, -392.682, -392.0, -1.61, 0.73, -1.13
7.86, 169.89, 392.236, 392.605, -0.17, 2.18, 0.4
7.88, -169.266, -392.614, -391.932, -1.5, 0.73, -1.13
7.9, 169.958, 392.032, 392.605, -0.06, 2.18, 0.4
7.92, -169.266, -392.75, -391.932, -1.5, 0.73, -1.13
7.94, 170.094, 392.032, 392.673, -0.17, 2.18, 0.4
7.96, -169.402, -392.75, -392.0, -1.5, 0.73, -1.13
7.98, 169.958, 391.896, 392.605, -0.17, 2.29, 0.4
8.0, -169.402, -392.614, -392.0, -1.61, 0.73, -1.13
8.02, 169.822, 391.964, 392.605, -0.17, 2.41, 0.4
8.04, -169.402, -392.682, -391.932, -1.61, 0.62, -1.24
8.06, 170.026, 392.1, 392.673, -0.17, 2.29, 0.4
8.08, -169.47, -392.682, -392.0, -1.61, 0.62, -1.13
8.1, 170.094, 392.1, 392.605, -0.17, 2.18, 0.4
8.12, -169.538, -392.818, -392.0, -1.61, 0.73, -1.13
8.14, 170.026, 392.168, 392.741, -0.17, 2.29, 0.51
8.16, -169.47, -392.818, -391.932, -1.61, 0.73, -1.24
8.18, 170.094, 392.1, 392.741, -0.17, 2.29, 0.4
8.2, -169.47, -392.886, -391.932, -1.5, 0.62, -1.13
8.22, 170.026, 392.168, 392.605, -0.06, 2.29, 0.4
8.24, -169.538, -392.886, -392.0, -1.5, 0.73, -1.13
8.26, 170.094, 392.168, 392.605, -0.17, 2.18, 0.4
8.28, -169.47, -393.09, -392.0, -1.5, 0.84, -1.24
8.3, 169.958, 392.168, 392.605, -0.17, 2.29, 0.29
8.32, -169.47, -392.818, -391.932, -1.5, 0.73, -1.13
8.34, 170.162, 392.168, 392.605, -0.06, 2.41, 0.4
8.36, -169.606, -392.75, -392.0, -1.5, 0.84, -1.13
8.38, 170.094, 392.168, 392.673, -0.17, 2.29, 0.29
8.4, -169.47, -392.818, -392.0, -1.5, 0.62, -1.13
8.42, 170.094, 392.168, 392.605, -0.06, 2.41, 0.4
8.44, -169.606, -392.818, -392.0, -1.5, 0.73, -1.13
8.46, 170.026, 392.1, 392.673, -0.17, 2.29, 0.4
8.48, -169.674, -392.886, -392.0, -1.5, 0.62, -1.13
8.5, 170.094, 392.1, 392.673, -0.06, 2.18, 0.4
8.52, -169.47, -392.818, -392.0, -1.5, 0.73, -1.13
8.54, 170.094, 392.168, 392.741, -0.06, 2.18, 0.4
8.56, -169.538, -392.818, -392.068, -1.61, 0.62, -1.13
8.58, 170.026, 392.236, 392.809, -0.17, 2.29, 0.4
8.6, -169.538, -392.75, -392.0, -1.5, 0.73, -1.35
8.62, 170.026, 392.032, 392.673, -0.17, 2.29, 0.29
8.64, -169.538, -392.75, -392.0, -1.61, 0.73, -1.24
8.66, 170.026, 392.032, 392.741, -0.17, 2.29, 0.4
8.68, -169.538, -392.818, -391.932, -1.5, 0.62, -1.13
8.7, 170.026, 392.032, 392.673, -0.06, 2.18, 0.4
8.72, -169.538, -392.75, -392.0, -1.5, 0.73, -1.24
8.74, 170.094, 392.1, 392.673, -0.06, 2.18, 0.4
8.76, -169.538, -392.75, -392.0, -1.5, 0.84, -1.24
8.78, 170.298, 392.032, 392.673, -0.17, 2.41, 0.51
8.8, -169.47, -392.682, -392.0, -1.61, 0.73, -1.02
8.82, 170.162, 392.032, 392.741, -0.06, 2.29, 0.4
8.84, -169.47, -392.818, -392.0, -1.5, 0.73, -1.24
8.86, 170.094, 392.1, 392.741, -0.06, 2.29, 0.4
8.88, -169.47, -392.886, -392.068, -1.5, 0.73, -1.13
8.9, 170.162, 392.236, 392.741, -0.06, 2.41, 0.4
8.92, -169.47, -392.886, -392.0, -1.61, 0.84, -1.13
8.94, 170.094, 392.236, 392.673, -0.06, 2.18, 0.4
8.96, -169.674, -392.818, -392.068, -1.61, 0.84, -1.24
8.98, 170.026, 392.236, 392.673, -0.17, 2.29, 0.29
9.0, -169.538, -392.954, -392.0, -1.61, 0.84, -1.13
9.02, 170.026, 392.168, 392.877, -0.17, 2.18, 0.29
9.04, -169.538, -392.818, -392.0, -1.5, 0.73, -1.24
9.06, 170.026, 392.168, 392.673, -0.17, 2.29, 0.51
9.08, -169.47, -392.954, -391.932, -1.5, 0.73, -1.24
9.1, 170.094, 392.304, 392.741, -0.17, 2.18, 0.4
9.12, -169.47, -392.886, -392.068, -1.5, 0.84, -1.13
9.14, 170.026, 392.236, 392.673, -0.28, 2.41, 0.4
9.16, -169.47, -392.818, -392.0, -1.61, 0.73, -1.35
9.18, 170.026, 392.236, 392.673, -0.17, 2.29, 0.29
9.2, -169.47, -392.886, -392.0, -1.61, 0.62, -1.13
9.22, 170.026, 392.1, 392.741, -0.06, 2.29, 0.51
9.24, -169.402, -392.886, -392.068, -1.5, 0.73, -1.02
9.26, 169.958, 392.168, 392.741, -0.17, 2.29, 0.4
9.28, -169.538, -392.75, -392.0, -1.72, 0.62, -1.13
9.3, 170.026, 392.1, 392.741, -0.17, 2.29, 0.4
9.32, -169.538, -392.818, -392.0, -1.61, 0.73, -1.24
9.34, 170.026, 392.168, 392.741, -0.17, 2.41, 0.4
9.36, -169.47, -392.682, -391.932, -1.5, 0.73, -1.13
9.38, 170.026, 392.1, 392.673, -0.17, 2.29, 0.51
9.4, -169.47, -392.682, -392.0, -1.5, 0.73, -1.13
9.42, 170.026, 392.032, 392.741, -0.17, 2.18, 0.51
9.44, -169.538, -392.75, -392.0, -1.5, 0.62, -1.13
9.46, 170.162, 392.1, 392.673, -0.17, 2.29, 0.4
9.48, -169.402, -392.682, -392.0, -1.61, 0.84, -1.24
9.5, 170.026, 392.032, 392.673, -0.06, 2.18, 0.29
9.52, -169.538, -392.75, -391.932, -1.61, 0.73, -1.02
9.54, 169.958, 391.964, 392.605, -0.28, 2.29, 0.4
9.56, -169.47, -392.682, -391.932, -1.61, 0.73, -1.13
9.58, 169.958, 391.964, 392.673, -0.06, 2.29, 0.51
9.6, -169.47, -392.682, -391.932, -1.5, 0.62, -1.13
9.62, 169.89, 391.964, 392.673, -0.06, 2.29, 0.4
9.64, -169.402, -392.818, -392.0, -1.61, 0.73, -1.13
9.66, 170.026, 392.236, 392.673, -0.17, 2.18, 0.51
9.68, -169.47, -392.954, -392.068, -1.61, 0.73, -1.13
9.7, 169.958, 392.372, 392.605, -0.17, 2.41, 0.4
9.72, -169.47, -393.022, -392.0, -1.5, 0.73, -1.24
9.74, 170.026, 392.372, 392.673, -0.06, 2.29, 0.4
9.76, -169.402, -393.022, -391.932, -1.5, 0.84, -1.13
9.78, 169.958, 392.372, 392.605, -0.17, 2.29, 0.62
9.8, -169.402, -392.886, -391.864, -1.72, 0.73, -1.13
9.82, 169.822, 392.304, 392.605, -0.17, 2.41, 0.29
9.84, -169.402, -392.954, -391.932, -1.61, 0.62, -1.13
9.86, 169.958, 392.304, 392.605, -0.17, 2.29, 0.51
9.88, -169.402, -392.886, -391.932, -1.61, 0.73, -1.13
9.9, 169.958, 392.304, 392.537, -0.17, 2.29, 0.51
9.92, -169.402, -392.954, -392.0, -1.5, 0.84, -1.13
9.94, 169.958, 392.304, 392.605, -0.28, 2.29, 0.51
9.96, -169.334, -392.818, -392.0, -1.5, 0.73, -1.13
9.98, 169.958, 392.372, 392.605, -0.06, 2.29, 0.4
10.0, -169.47, -392.886, -391.932, -1.61, 0.84, -1.13
10.02, 169.958, 392.304, 392.537, -0.17, 2.29, 0.4
10.04, -169.402, -392.954, -391.864, -1.72, 0.73, -1.13
10.06, 170.026, 392.304, 392.469, -0.17, 2.18, 0.51
10.08, -169.402, -392.886, -391.864, -1.5, 0.73, -1.13
10.1, 169.89, 392.236, 392.537, -0.17, 2.18, 0.4
10.12, -169.402, -392.886, -391.932, -1.61, 0.62, -1.13
10.14, 170.026, 392.168, 392.537, -0.28, 2.29, 0.4
10.16, -169.402, -392.886, -391.932, -1.61, 0.73, -1.24
10.18, 170.094, 392.236, 392.605, -0.17, 2.29, 0.4
10.2, -169.402, -392.886, -391.864, -1.5, 0.73, -1.13
10.22, 169.958, 392.236, 392.537, -0.17, 2.18, 0.4
10.24, -169.402, -392.75, -391.932, -1.61, 0.73, -1.13
10.26, 170.162, 392.236, 392.537, -0.17, 2.29, 0.4
10.28, -169.47, -392.886, -392.0, -1.61, 0.73, -1.13
10.3, 170.094, 392.1, 392.537, -0.17, 2.18, 0.51
10.32, -169.402, -392.75, -391.864, -1.61, 0.73, -1.13
10.34, 170.094, 392.1, 392.673, -0.28, 2.18, 0.4
10.36, -169.334, -392.818, -391.796, -1.5, 0.73, -1.02
10.38, 170.026, 392.168, 392.401, -0.17, 2.18, 0.4
10.4, -169.334, -392.954, -391.796, -1.5, 0.73, -1.24
10.42, 170.026, 392.304, 392.537, -0.06, 2.29, 0.4
10.44, -169.402, -392.954, -392.0, -1.72, 0.51, -1.13
10.46, 170.026, 392.304, 392.469, -0.17, 2.18, 0.4
10.48, -169.402, -392.954, -391.864, -1.72, 0.73, -1.13
10.5, 170.094, 392.236, 392.469, -0.17, 2.18, 0.4
10.52, -169.47, -393.022, -391.932, -1.61, 0.62, -1.13
10.54, 170.162, 392.304, 392.605, -0.17, 2.29, 0.29
10.56, -169.538, -393.022, -391.932, -1.61, 0.62, -1.24
10.58, 170.094, 392.372, 392.537, -0.17, 2.29, 0.4
10.6, -169.334, -392.886, -391.864, -1.72, 0.73, -1.13
10.62, 170.026, 392.304, 392.537, -0.17, 2.18, 0.51
10.64, -169.47, -392.886, -391.932, -1.61, 0.73, -1.13
10.66, 170.094, 392.236, 392.605, -0.17, 2.29, 0.4
10.68, -169.538, -392.886, -391.864, -1.5, 0.62, -1.13
10.7, 170.094, 392.304, 392.605, -0.17, 2.29, 0.4
10.72, -169.47, -392.886, -391.932, -1.61, 0.62, -1.13
10.74, 170.094, 392.372, 392.537, -0.17, 2.29, 0.4
10.76, -169.402, -393.022, -391.932, -1.61, 0.73, -1.02
10.78, 170.094, 392.236, 392.741, -0.17, 2.18, 0.51
10.8, -169.402, -392.954, -391.864, -1.61, 0.73, -1.13
10.82, 170.094, 392.304, 392.673, -0.17, 2.07, 0.4
10.84, -169.402, -392.886, -391.864, -1.61, 0.73, -1.02
10.86, 170.162, 392.236, 392.537, -0.06, 2.29, 0.29
10.88, -169.402, -392.886, -391.864, -1.5, 0.62, -1.13
10.9, 170.094, 392.304, 392.605, -0.06, 2.18, 0.51
10.92, -169.47, -392.818, -391.864, -1.61, 0.51, -1.13
10.94, 170.026, 392.1, 392.537, -0.06, 2.29, 0.4
10.96, -169.47, -392.818, -391.932, -1.72, 0.73, -1.24
10.98, 170.298, 392.1, 392.537, -0.17, 2.07, 0.51
11.0, -169.47, -392.75, -391.932, -1.5, 0.73, -1.13
11.02, 170.094, 392.168, 392.537, -0.06, 2.18, 0.4
11.04, -169.402, -392.818, -392.0, -1.61, 0.84, -1.24
11.06, 170.094, 392.1, 392.673, -0.17, 2.29, 0.4
11.08, -169.402, -392.886, -392.0, -1.61, 0.73, -1.13
11.1, 169.958, 392.168, 392.741, -0.17, 2.29, 0.51
11.12, -169.538, -392.75, -392.0, -1.5, 0.73, -1.13
11.14, 170.162, 392.1, 392.809, -0.06, 2.18, 0.51
11.16, -169.538, -392.886, -392.0, -1.5, 0.73, -1.24
11.18, 170.162, 392.1, 392.809, -0.06, 2.07, 0.29
11.2, -169.402, -392.886, -391.932, -1.5, 0.73, -1.13
11.22, 170.094, 392.304, 392.809, -0.17, 2.18, 0.4
11.24, -169.47, -392.886, -392.0, -1.61, 0.73, -1.24
11.26, 170.094, 392.304, 392.741, -0.06, 2.18, 0.4
11.28, -169.47, -392.818, -391.932, -1.61, 0.73, -1.02
11.3, 170.094, 392.168, 392.741, -0.17, 2.18, 0.4
11.32, -169.47, -392.886, -392.0, -1.5, 0.62, -1.13
11.34, 170.026, 392.304, 392.741, -0.06, 2.18, 0.51
11.36, -169.47, -392.818, -391.932, -1.83, 0.73, -1.24
11.38, 170.162, 392.236, 392.741, -0.17, 2.18, 0.4
11.4, -169.402, -392.954, -391.932, -1.61, 0.73, -1.13
11.42, 170.094, 392.304, 392.673, 0.05, 2.07, 0.29
11.44, -169.47, -392.886, -391.932, -1.61, 0.84, -1.13
11.46, 170.094, 392.168, 392.809, -0.17, 2.18, 0.4
11.48, -169.47, -392.954, -391.932, -1.61, 0.84, -1.13
11.5, 170.162, 392.168, 392.741, -0.06, 2.41, 0.4
11.52, -169.402, -392.818, -391.864, -1.5, 0.73, -1.13
11.54, 170.094, 392.236, 392.741, -0.17, 2.18, 0.29
11.56, -169.538, -392.886, -391.864, -1.61, 0.73, -1.35
11.58, 170.026, 392.304, 392.741, -0.17, 2.29, 0.4
11.6, -169.538, -392.818, -391.932, -1.5, 0.73, -1.24
11.62, 170.094, 392.236, 392.741, -0.17, 2.18, 0.29
11.64, -169.47, -392.818, -392.0, -1.61, 0.73, -1.13
11.66, 170.094, 392.304, 392.809, -0.17, 2.29, 0.4
11.68, -169.402, -392.886, -392.0, -1.5, 0.73, -1.13
11.7, 170.162, 392.168, 392.673, -0.17, 2.29, 0.4
11.72, -169.47, -392.818, -391.932, -1.5, 0.73, -1.13
11.74, 170.162, 392.168, 392.605, -0.06, 2.29, 0.29
11.76, -169.538, -392.818, -392.0, -1.72, 0.73, -1.13
11.78, 170.026, 392.1, 392.809, -0.06, 2.29, 0.29
11.8, -169.538, -392.75, -392.0, -1.61, 0.73, -1.24
11.82, 170.094, 392.168, 392.673, -0.28, 2.29, 0.4
11.84, -169.47, -392.682, -392.068, -1.5, 0.73, -1.13
11.86, 170.094, 392.1, 392.673, -0.17, 2.29, 0.4
11.88, -169.402, -392.75, -391.932, -1.61, 0.73, -1.13
11.9, 170.094, 392.168, 392.673, -0.17, 2.18, 0.4
11.92, -169.47, -392.886, -392.0, -1.61, 0.73, -1.13
11.94, 170.162, 392.236, 392.673, -0.17, 2.18, 0.4
11.96, -169.47, -393.022, -392.0, -1.61, 0.73, -1.13
11.98, 170.162, 392.236, 392.605, -0.28, 2.29, 0.4
12.0, -169.538, -392.954, -392.0, -1.61, 0.73, -1.13
12.02, 170.23, 392.304, 392.537, -0.17, 2.18, 0.4
12.04, -169.606, -392.954, -391.932, -1.61, 0.62, -1.13
12.06, 170.094, 392.304, 392.605, -0.17, 2.18, 0.4
12.08, -169.538, -392.954, -391.864, -1.5, 0.73, -1.24
12.1, 170.094, 392.236, 392.741, -0.17, 2.18, 0.4
12.12, -169.47, -392.886, -392.0, -1.61, 0.73, -1.13
12.14, 170.094, 392.168, 392.741, -0.17, 2.29, 0.4
12.16, -169.47, -392.886, -392.0, -1.5, 0.84, -1.24
12.18, 169.958, 392.168, 392.673, -0.17, 2.29, 0.72
12.2, -169.334, -392.886, -392.0, -1.72, 0.73, -1.13
12.22, 169.958, 392.1, 392.537, -0.17, 2.18, 0.4
12.24, -169.266, -392.886, -391.864, -1.5, 0.73, -1.24
12.26, 170.026, 392.168, 392.605, -0.17, 2.29, 0.4
12.28, -169.266, -392.886, -392.0, -1.61, 0.73, -1.13
12.3, 169.958, 392.168, 392.741, -0.17, 2.18, 0.4
12.32, -169.266, -392.818, -392.0, -1.5, 0.73, -1.24
12.34, 169.958, 392.168, 392.741, -0.17, 2.29, 0.4
12.36, -169.334, -392.818, -392.068, -1.61, 0.73, -1.13
12.38, 170.026, 392.168, 392.673, -0.17, 2.29, 0.4
12.4, -169.334, -392.886, -392.0, -1.61, 0.62, -1.13
12.42, 169.958, 392.1, 392.673, -0.17, 2.18, 0.51
12.44, -169.402, -392.75, -392.068, -1.61, 0.62, -1.13
12.46, 169.958, 392.1, 392.673, -0.17, 2.18, 0.29
12.48, -169.198, -392.75, -392.068, -1.72, 0.73, -1.02
12.5, 169.958, 392.032, 392.673, -0.17, 2.18, 0.51
12.52, -169.266, -392.75, -392.068, -1.5, 0.62, -1.13
12.54, 170.026, 392.1, 392.605, -0.17, 2.29, 0.4
12.56, -169.266, -392.682, -392.0, -1.5, 0.73, -1.13
12.58, 170.026, 392.236, 392.673, -0.28, 2.18, 0.4
12.6, -169.334, -392.818, -392.0, -1.72, 0.73, -1.35
12.62, 170.094, 392.168, 392.673, -0.17, 2.18, 0.4
12.64, -169.198, -392.75, -392.0, -1.61, 0.51, -1.13
12.66, 169.89, 392.032, 392.741, -0.17, 2.18, 0.4
12.68, -169.266, -392.886, -392.0, -1.61, 0.73, -1.13
12.7, 169.89, 392.1, 392.673, -0.17, 2.29, 0.29
12.72, -169.334, -392.954, -392.0, -1.61, 0.62, -1.13
12.74, 169.958, 392.236, 392.605, -0.17, 2.29, 0.29
12.76, -169.402, -392.954, -392.0, -1.5, 0.73, -1.13
12.78, 169.958, 392.236, 392.605, -0.17, 2.52, 0.29
12.8, -169.266, -393.022, -392.068, -1.61, 0.73, -1.24
12.82, 169.958, 392.236, 392.673, -0.06, 2.29, 0.4
12.84, -169.334, -392.954, -391.932, -1.5, 0.73, -1.13
12.86, 169.89, 392.304, 392.605, -0.17, 2.29, 0.29
12.88, -169.47, -392.954, -392.0, -1.61, 0.73, -1.24
12.9, 169.89, 392.168, 392.673, -0.17, 2.29, 0.29
12.92, -169.334, -392.886, -392.0, -1.5, 0.62, -1.24
12.94, 169.958, 392.168, 392.673, -0.17, 2.29, 0.51
12.96, -169.334, -392.954, -391.932, -1.61, 0.73, -1.13
12.98, 169.89, 392.304, 392.741, -0.17, 2.29, 0.4
13.0, -169.334, -392.886, -392.136, -1.5, 0.73, -1.13
13.02, 170.094, 392.168, 392.673, -0.17, 2.18, 0.29
13.04, -169.334, -392.954, -392.068, -1.5, 0.73, -1.13
13.06, 169.89, 392.304, 392.673, -0.17, 2.29, 0.4
13.08, -169.402, -392.886, -392.0, -1.61, 0.73, -1.02
13.1, 170.026, 392.168, 392.741, -0.17, 2.18, 0.29
13.12, -169.334, -392.818, -392.0, -1.61, 0.73, -1.24
13.14, 170.026, 392.168, 392.605, -0.17, 2.29, 0.4
13.16, -169.47, -392.886, -391.932, -1.61, 0.73, -1.13
13.18, 169.958, 392.1, 392.605, -0.06, 2.29, 0.4
13.2, -169.266, -392.886, -392.068, -1.5, 0.62, -1.24
13.22, 169.89, 392.032, 392.673, -0.06, 2.18, 0.4
13.24, -169.266, -392.886, -392.136, -1.5, 0.73, -1.13
13.26, 169.958, 392.032, 392.605, -0.28, 2.41, 0.4
13.28, -169.334, -392.818, -391.932, -1.61, 0.73, -1.13
13.3, 169.89, 392.032, 392.673, -0.17, 2.18, 0.4
13.32, -169.266, -392.818, -392.068, -1.72, 0.62, -1.35
13.34, 169.958, 392.1, 392.741, -0.06, 2.18, 0.4
13.36, -169.402, -392.75, -392.068, -1.61, 0.62, -1.13
13.38, 169.89, 392.168, 392.605, -0.17, 2.41, 0.51
13.4, -169.334, -392.75, -392.0, -1.72, 0.73, -1.02
13.42, 169.89, 392.1, 392.673, -0.17, 2.29, 0.4
13.44, -169.334, -392.818, -392.0, -1.61, 0.73, -1.24
13.46, 170.026, 392.168, 392.605, -0.17, 2.29, 0.51
13.48, -169.47, -393.022, -392.068, -1.61, 0.62, -1.13
13.5, 170.026, 392.304, 392.673, -0.17, 2.18, 0.4
13.52, -169.266, -393.022, -392.0, -1.5, 0.73, -1.13
13.54, 170.026, 392.236, 392.537, -0.06, 2.18, 0.51
13.56, -169.334, -392.954, -392.136, -1.5, 0.39, -1.24
13.58, 169.89, 392.168, 392.673, -0.17, 2.07, 0.29
13.6, -169.334, -393.022, -392.0, -1.61, 0.73, -1.13
13.62, 169.958, 392.236, 392.673, -0.17, 2.18, 0.29
13.64, -169.334, -392.954, -392.136, -1.61, 0.73, -1.13
13.66, 169.89, 392.168, 392.673, -0.17, 2.18, 0.4
13.68, -169.334, -392.954, -391.932, -1.5, 0.62, -1.13
13.7, 169.958, 392.236, 392.673, -0.17, 2.29, 0.4
13.72, -169.334, -392.954, -392.0, -1.5, 0.73, -1.24
13.74, 169.89, 392.168, 392.673, -0.17, 2.29, 0.29
13.76, -169.334, -392.886, -392.0, -1.5, 0.73, -1.13
13.78, 170.026, 392.236, 392.673, 0.05, 2.29, 0.4
13.8, -169.334, -392.818, -392.0, -1.5, 0.62, -1.13
13.82, 169.958, 392.168, 392.673, -0.17, 2.29, 0.29
13.84, -169.402, -392.954, -392.0, -1.5, 0.73, -1.13
13.86, 169.958, 392.168, 392.673, -0.17, 2.18, 0.4
13.88, -169.402, -392.818, -392.068, -1.5, 0.73, -1.13
13.9, 169.958, 392.236, 392.605, -0.28, 2.18, 0.29
13.92, -169.334, -392.886, -392.068, -1.61, 0.73, -1.13
13.94, 169.89, 392.168, 392.605, -0.17, 2.18, 0.29
13.96, -169.402, -392.818, -392.068, -1.61, 0.73, -1.24
13.98, 169.89, 392.168, 392.673, -0.17, 2.29, 0.4
14.0, -169.266, -392.886, -392.0, -1.5, 0.73, -1.13
14.02, 169.89, 392.032, 392.605, -0.06, 2.18, 0.4
14.04, -169.47, -392.954, -392.068, -1.5, 0.73, -1.24
14.06, 170.026, 392.168, 392.673, -0.17, 2.18, 0.51
14.08, -169.334, -392.818, -392.0, -1.5, 0.73, -1.13
14.1, 169.958, 392.1, 392.673, -0.17, 2.18, 0.29
14.12, -169.266, -392.818, -392.0, -1.61, 0.62, -1.24
14.14, 169.958, 392.1, 392.673, -0.17, 2.18, 0.4
14.16, -169.402, -392.75, -392.136, -1.5, 0.73, -1.24
14.18, 169.958, 392.1, 392.673, -0.17, 2.18, 0.4
14.2, -169.47, -392.818, -392.0, -1.5, 0.62, -1.13
14.22, 170.026, 392.032, 392.673, -0.17, 2.41, 0.4
14.24, -169.402, -392.954, -391.932, -1.5, 0.62, -1.13
14.26, 170.026, 392.168, 392.673, -0.17, 2.29, 0.29
14.28, -169.402, -392.886, -392.136, -1.5, 0.73, -1.24
14.3, 170.094, 392.236, 392.673, -0.17, 2.18, 0.4
14.32, -169.538, -392.954, -392.0, -1.5, 0.62, -1.24
14.34, 170.23, 392.236, 392.741, -0.17, 2.18, 0.4
14.36, -169.538, -392.954, -392.068, -1.61, 0.51, -1.13
14.38, 170.23, 392.236, 392.673, -0.17, 2.29, 0.4
14.4, -169.47, -392.954, -392.0, -1.61, 0.73, -1.13
14.42, 170.094, 392.236, 392.741, -0.17, 2.29, 0.4
14.44, -169.402, -393.022, -392.068, -1.61, 0.73, -1.13
14.46, 170.162, 392.304, 392.809, -0.06, 2.18, 0.4
14.48, -169.538, -392.954, -392.136, -1.61, 0.73, -1.13
14.5, 170.026, 392.168, 392.673, -0.17, 2.07, 0.4
14.52, -169.47, -392.886, -392.068, -1.61, 0.51, -1.13
14.54, 170.094, 392.1, 392.741, -0.06, 2.29, 0.51
14.56, -169.606, -392.954, -392.068, -1.5, 0.73, -1.13
14.58, 170.026, 392.032, 392.605, -0.17, 2.18, 0.4
14.6, -169.606, -392.886, -392.0, -1.83, 0.73, -1.24
14.62, 170.094, 392.168, 392.673, -0.28, 2.29, 0.51
14.64, -169.402, -393.022, -392.068, -1.61, 0.51, -1.13
14.66, 170.094, 392.032, 392.741, -0.17, 2.18, 0.51
14.68, -169.402, -392.886, -392.0, -1.5, 0.73, -1.24
14.7, 170.094, 392.1, 392.741, -0.17, 2.18, 0.4
14.72, -169.538, -392.954, -392.068, -1.61, 0.62, -1.13
14.74, 170.162, 392.168, 392.741, -0.17, 2.29, 0.4
14.76, -169.674, -392.818, -392.0, -1.5, 0.73, -1.35
14.78, 170.094, 392.032, 392.741, -0.17, 2.29, 0.4
14.8, -169.538, -392.886, -392.068, -1.5, 0.84, -1.13
14.82, 170.094, 392.1, 392.673, 0.05, 2.29, 0.4
14.84, -169.538, -392.818, -392.068, -1.61, 0.73, -1.13
14.86, 170.094, 392.1, 392.809, -0.17, 2.18, 0.4
14.88, -169.538, -392.818, -392.068, -1.61, 0.62, -1.13
14.9, 170.026, 392.1, 392.741, -0.17, 2.18, 0.29
14.92, -169.47, -392.818, -392.0, -1.72, 0.62, -1.13
14.94, 170.026, 392.032, 392.741, -0.17, 2.41, 0.4
14.96, -169.402, -392.818, -392.136, -1.5, 0.39, -1.13
14.98, 170.094, 392.032, 392.741, -0.17, 2.29, 0.4
15.0, -169.47, -392.886, -392.0, -1.5, 0.73, -1.24
15.02, 170.026, 392.304, 392.741, -0.17, 2.29, 0.4
15.04, -169.538, -392.954, -392.136, -1.61, 0.84, -1.24
15.06, 170.094, 392.168, 392.809, -0.17, 2.29, 0.4
15.08, -169.538, -392.954, -392.136, -1.61, 0.73, -1.13
15.1, 170.094, 392.236, 392.809, -0.06, 2.18, 0.51
15.12, -169.402, -392.954, -392.068, -1.61, 0.73, -1.13
15.14, 170.026, 392.168, 392.741, -0.17, 2.29, 0.51
15.16, -169.334, -392.954, -392.068, -1.61, 0.62, -1.13
15.18, 170.026, 392.168, 392.741, -0.06, 2.18, 0.4
15.2, -169.47, -392.954, -392.0, -1.5, 0.73, -1.13
15.22, 170.162, 392.168, 392.673, -0.17, 2.41, 0.29
15.24, -169.47, -392.818, -392.0, -1.61, 0.73, -1.24
15.26, 170.162, 392.236, 392.809, -0.06, 2.41, 0.29
15.28, -169.402, -392.886, -392.0, -1.5, 0.84, -1.13
15.3, 170.094, 392.168, 392.809, -0.06, 2.18, 0.29
15.32, -169.47, -392.886, -392.068, -1.5, 0.73, -1.13
15.34, 170.026, 392.236, 392.809, -0.17, 2.18, 0.4
15.36, -169.47, -392.954, -392.204, -1.72, 0.73, -1.13
15.38, 170.094, 392.168, 392.741, -0.17, 2.29, 0.51
15.4, -169.47, -392.886, -392.068, -1.61, 0.62, -1.13
15.42, 169.958, 392.168, 392.809, 0.05, 2.29, 0.29
15.44, -169.47, -392.818, -392.068, -1.5, 0.62, -1.13
15.46, 170.026, 392.1, 392.809, -0.17, 2.18, 0.4
15.48, -169.402, -392.682, -392.068, -1.5, 0.84, -1.13
15.5, 170.026, 392.1, 392.809, -0.17, 2.18, 0.29
15.52, -169.402, -392.75, -392.0, -1.5, 0.73, -1.24
15.54, 170.026, 392.168, 392.809, -0.06, 2.29, 0.4
15.56, -169.47, -392.75, -392.068, -1.61, 0.73, -1.13
15.58, 170.026, 392.032, 392.809, -0.17, 2.18, 0.4
15.6, -169.538, -392.75, -392.136, -1.5, 0.73, -1.13
15.62, 170.026, 392.032, 392.809, -0.06, 2.18, 0.4
15.64, -169.402, -392.818, -392.0, -1.61, 0.73, -1.13
15.66, 170.026, 392.1, 392.741, -0.17, 2.29, 0.51
15.68, -169.402, -392.886, -392.068, -1.61, 0.73, -1.24
15.7, 170.094, 392.1, 392.741, -0.17, 2.29, 0.4
15.72, -169.402, -392.682, -392.068, -1.72, 0.73, -1.13
15.74, 170.026, 392.1, 392.673, -0.28, 2.18, 0.4
15.76, -169.402, -393.022, -392.068, -1.61, 0.84, -1.13
15.78, 170.094, 392.304, 392.809, -0.28, 2.18, 0.4
15.8, -169.402, -393.022, -392.0, -1.5, 0.51, -1.24
15.82, 170.026, 392.304, 392.673, -0.17, 2.18, 0.51
15.84, -169.47, -392.954, -392.068, -1.5, 0.73, -1.13
15.86, 169.958, 392.304, 392.741, -0.17, 2.18, 0.4
15.88, -169.402, -392.886, -392.0, -1.5, 0.62, -1.13
15.9, 170.026, 392.236, 392.741, -0.06, 2.29, 0.29
15.92, -169.334, -392.886, -392.0, -1.5, 0.62, -1.13
15.94, 170.026, 392.304, 392.741, -0.06, 2.29, 0.4
15.96, -169.402, -392.954, -392.068, -1.61, 0.73, -1.13
15.98, 169.958, 392.168, 392.741, -0.17, 2.18, 0.51
16.0, -169.334, -392.886, -392.0, -1.5, 0.73, -1.13
16.02, 170.026, 392.304, 392.605, -0.17, 2.29, 0.51
16.04, -169.402, -392.818, -392.0, -1.61, 0.62, -1.13
16.06, 170.094, 392.236, 392.673, -0.17, 2.18, 0.4
16.08, -169.334, -392.886, -392.068, -1.61, 0.73, -1.02
16.1, 169.958, 392.168, 392.673, -0.17, 2.18, 0.29
16.12, -169.402, -392.75, -392.0, -1.61, 0.73, -1.13
16.14, 169.89, 392.168, 392.605, -0.17, 2.29, 0.4
16.16, -169.402, -392.818, -392.0, -1.61, 0.73, -1.13
16.18, 170.026, 392.1, 392.741, -0.17, 2.29, 0.4
16.2, -169.334, -392.818, -392.0, -1.5, 0.73, -1.13
16.22, 170.026, 392.168, 392.673, -0.17, 2.29, 0.4
16.24, -169.47, -392.75, -391.932, -1.5, 0.73, -1.24
16.26, 170.026, 392.168, 392.673, -0.17, 2.29, 0.4
16.28, -169.402, -392.886, -391.932, -1.61, 0.73, -1.02
16.3, 169.958, 392.1, 392.605, -0.17, 2.18, 0.4
16.32, -169.538, -392.75, -391.932, -1.61, 0.73, -1.02
16.34, 170.094, 392.1, 392.673, -0.17, 2.29, 0.51
16.36, -169.47, -393.022, -392.0, -1.61, 0.73, -1.13
16.38, 170.026, 392.1, 392.605, -0.06, 2.41, 0.4
16.4, -169.402, -392.75, -392.0, -1.61, 0.73, -1.13
16.42, 170.23, 392.1, 392.605, -0.17, 2.29, 0.4
16.44, -169.47, -392.75, -392.0, -1.61, 0.62, -1.13
16.46, 170.026, 392.032, 392.741, -0.17, 2.29, 0.4
16.48, -169.334, -392.75, -391.932, -1.61, 0.73, -1.13
16.5, 170.094, 392.032, 392.605, -0.17, 2.29, 0.4
16.52, -169.402, -392.886, -391.932, -1.5, 0.73, -1.13
16.54, 170.026, 392.304, 392.605, -0.17, 2.29, 0.4
16.56, -169.402, -392.954, -391.864, -1.5, 0.73, -1.13
16.58, 170.026, 392.44, 392.605, -0.28, 2.18, 0.4
16.6, -169.402, -392.954, -392.068, -1.61, 0.73, -1.02
16.62, 170.094, 392.372, 392.605, -0.17, 2.29, 0.4
16.64, -169.47, -392.954, -391.864, -1.61, 0.73, -1.02
16.66, 170.026, 392.304, 392.537, -0.17, 2.18, 0.51
16.68, -169.47, -392.954, -391.864, -1.61, 0.62, -1.13
16.7, 170.026, 392.304, 392.605, -0.06, 2.18, 0.4
16.72, -169.47, -392.818, -391.864, -1.83, 0.62, -1.13
16.74, 170.094, 392.372, 392.605, -0.17, 2.18, 0.4
16.76, -169.47, -392.954, -391.796, -1.5, 0.62, -1.02
16.78, 170.026, 392.236, 392.537, -0.28, 2.18, 0.4
16.8, -169.402, -392.886, -391.864, -1.61, 0.73, -1.02
16.82, 170.094, 392.372, 392.469, -0.17, 2.29, 0.4
16.84, -169.402, -392.818, -391.864, -1.5, 0.62, -1.13
16.86, 170.094, 392.236, 392.537, -0.17, 2.18, 0.4
16.88, -169.402, -392.886, -391.932, -1.5, 0.73, -1.13
16.9, 170.094, 392.236, 392.673, -0.06, 2.29, 0.4
16.92, -169.47, -392.75, -391.932, -1.5, 0.73, -1.13
16.94, 170.094, 392.236, 392.537, -0.06, 2.18, 0.29
16.96, -169.402, -392.818, -391.864, -1.5, 0.73, -1.13
16.98, 170.026, 392.236, 392.537, -0.06, 2.18, 0.4
17.0, -169.402, -393.09, -391.932, -1.61, 0.51, -1.02
17.02, 170.162, 392.1, 392.537, -0.17, 2.18, 0.51
17.04, -169.402, -392.75, -391.864, -1.5, 0.84, -1.02
17.06, 170.026, 392.168, 392.537, -0.17, 2.29, 0.4
17.08, -169.47, -392.818, -391.796, -1.5, 0.73, -1.24
17.1, 170.026, 392.1, 392.537, -0.06, 2.29, 0.4
17.12, -169.538, -392.75, -391.864, -1.5, 0.62, -1.13
17.14, 170.162, 392.168, 392.537, -0.17, 2.29, 0.4
17.16, -169.47, -392.818, -391.864, -1.5, 0.73, -1.02
17.18, 170.026, 392.1, 392.537, -0.17, 2.18, 0.4
17.2, -169.402, -392.818, -391.796, -1.61, 0.62, -1.24
17.22, 170.026, 392.032, 392.537, -0.28, 2.07, 0.29
17.24, -169.402, -392.682, -391.864, -1.5, 0.73, -1.13
17.26, 170.026, 392.168, 392.537, -0.28, 2.29, 0.4
17.28, -169.402, -392.886, -392.0, -1.61, 0.62, -1.13
17.3, 170.094, 392.236, 392.605, -0.17, 2.29, 0.29
17.32, -169.538, -393.022, -391.864, -1.61, 0.73, -1.13
17.34, 170.162, 392.304, 392.537, -0.06, 2.18, 0.4
17.36, -169.402, -393.022, -392.068, -1.61, 0.84, -1.13
17.38, 170.162, 392.372, 392.673, -0.17, 2.18, 0.4
17.4, -169.402, -392.954, -392.204, -1.61, 0.62, -1.13
17.42, 170.026, 392.304, 392.809, -0.17, 2.29, 0.4
17.44, -169.538, -392.954, -392.204, -1.61, 0.62, -1.13
17.46, 170.094, 392.304, 392.877, -0.17, 2.29, 0.4
17.48, -169.47, -392.954, -392.204, -1.61, 0.73, -1.13
17.5, 170.094, 392.236, 392.741, -0.17, 2.29, 0.4
17.52, -169.47, -392.954, -392.136, -1.5, 0.73, -1.13
17.54, 170.094, 392.236, 392.809, -0.06, 2.07, 0.4
17.56, -169.538, -392.886, -392.068, -1.5, 0.73, -1.13
17.58, 170.094, 392.236, 392.809, -0.17, 2.29, 0.29
17.6, -169.538, -392.886, -392.068, -1.5, 0.73, -1.13
17.62, 170.026, 392.304, 392.741, -0.06, 2.18, 0.4
17.64, -169.47, -392.886, -392.204, -1.5, 0.73, -1.13
17.66, 170.23, 392.236, 392.673, -0.06, 2.29, 0.4
17.68, -169.538, -392.886, -392.136, -1.61, 0.84, -1.24
17.7, 170.162, 392.236, 392.809, 0.05, 2.18, 0.29
17.72, -169.538, -392.954, -392.0, -1.61, 0.73, -1.13
17.74, 170.162, 392.168, 392.741, -0.17, 2.29, 0.4
17.76, -169.47, -392.75, -392.068, -1.72, 0.73, -1.13
17.78, 170.162, 392.168, 392.809, -0.17, 2.29, 0.4
17.8, -169.538, -392.818, -392.136, -1.61, 0.73, -1.13
17.82, 170.026, 392.236, 392.741, -0.17, 2.29, 0.29
17.84, -169.402, -392.75, -392.068, -1.5, 0.51, -1.24
17.86, 170.094, 392.168, 392.809, -0.28, 2.29, 0.29
17.88, -169.606, -392.886, -392.136, -1.61, 0.73, -1.13
17.9, 170.094, 392.1, 392.673, -0.06, 2.29, 0.4
17.92, -169.47, -392.818, -392.068, -1.5, 0.62, -1.13
17.94, 170.162, 392.168, 392.809, -0.06, 2.41, 0.4
17.96, -169.47, -392.886, -392.068, -1.5, 0.73, -1.13
17.98, 170.094, 392.1, 392.809, -0.17, 2.18, 0.29
18.0, -169.538, -392.75, -392.0, -1.5, 0.51, -1.24
18.02, 170.162, 392.1, 392.673, -0.17, 2.18, 0.4
18.04, -169.47, -392.886, -392.204, -1.61, 0.73, -1.24
18.06, 170.094, 392.236, 392.741, -0.06, 2.18, 0.4
18.08, -169.538, -392.886, -392.136, -1.61, 0.73, -1.13
18.1, 170.094, 392.236, 392.741, -0.17, 2.18, 0.29
18.12, -169.47, -393.022, -392.068, -1.72, 0.73, -1.13
18.14, 170.094, 392.236, 392.673, -0.06, 2.29, 0.29
18.16, -169.538, -392.886, -392.068, -1.61, 0.62, -1.24
18.18, 170.094, 392.236, 392.673, -0.28, 2.29, 0.29
18.2, -169.47, -392.954, -392.068, -1.61, 0.73, -1.13
18.22, 170.298, 392.304, 392.673, -0.28, 2.18, 0.4
18.24, -169.538, -392.954, -392.068, -1.5, 0.73, -1.35
18.26, 170.162, 392.236, 392.741, -0.17, 2.18, 0.4
18.28, -169.47, -392.886, -392.0, -1.5, 0.84, -1.13
18.3, 170.094, 392.236, 392.673, -0.06, 2.18, 0.29
18.32, -169.402, -392.954, -392.068, -1.5, 0.51, -1.13
18.34, 169.89, 392.304, 392.741, -0.17, 2.18, 0.4
18.36, -169.334, -392.954, -392.136, -1.5, 0.62, -1.02
18.38, 169.958, 392.304, 392.605, -0.17, 2.18, 0.29
18.4, -169.402, -392.75, -392.0, -1.5, 0.84, -1.24
18.42, 170.026, 392.168, 392.741, -0.06, 2.18, 0.29
18.44, -169.47, -392.954, -392.0, -1.5, 0.73, -1.13
18.46, 170.094, 392.1, 392.605, -0.17, 2.18, 0.4
18.48, -169.334, -392.818, -392.0, -1.5, 0.84, -1.13
18.5, 170.026, 392.168, 392.673, -0.17, 2.29, 0.4
18.52, -169.334, -392.818, -392.0, -1.5, 0.62, -1.24
18.54, 170.026, 392.168, 392.673, -0.17, 2.29, 0.4
18.56, -169.334, -392.886, -392.068, -1.61, 0.73, -1.13
18.58, 170.094, 392.1, 392.605, -0.28, 2.29, 0.4
18.6, -169.334, -392.818, -392.0, -1.61, 0.73, -1.13
18.62, 169.89, 392.168, 392.741, -0.06, 2.29, 0.4
18.64, -169.402, -392.886, -392.0, -1.5, 0.73, -1.13
18.66, 170.026, 392.168, 392.673, -0.17, 2.18, 0.29
18.68, -169.538, -392.75, -392.068, -1.5, 0.73, -1.13
18.7, 170.094, 392.236, 392.741, -0.06, 2.18, 0.29
18.72, -169.402, -392.818, -392.068, -1.61, 0.62, -1.13
18.74, 170.026, 392.032, 392.741, -0.17, 2.18, 0.4
18.76, -169.402, -392.75, -392.068, -1.61, 0.73, -1.02
18.78, 170.026, 392.1, 392.605, -0.17, 2.18, 0.29
18.8, -169.334, -393.022, -392.068, -1.5, 0.73, -1.13
18.82, 170.026, 392.372, 392.605, -0.28, 2.29, 0.4
18.84, -169.334, -392.886, -391.932, -1.5, 0.73, -1.13
18.86, 170.026, 392.304, 392.673, -0.28, 2.18, 0.4
18.88, -169.402, -392.886, -392.0, -1.61, 0.62, -1.02
18.9, 169.958, 392.304, 392.673, -0.17, 2.18, 0.4
18.92, -169.47, -392.886, -391.932, -1.61, 0.62, -1.13
18.94, 170.026, 392.372, 392.741, -0.06, 2.29, 0.29
18.96, -169.334, -392.886, -392.068, -1.5, 0.73, -1.13
18.98, 170.026, 392.304, 392.673, -0.17, 2.07, 0.4
19.0, -169.47, -392.954, -392.0, -1.61, 0.73, -1.24
19.02, 169.958, 392.236, 392.673, -0.17, 2.18, 0.4
19.04, -169.334, -392.886, -392.0, -1.5, 0.73, -1.13
19.06, 170.094, 392.304, 392.605, 0.05, 2.18, 0.4
19.08, -169.334, -392.886, -392.0, -1.72, 0.73, -1.24
19.1, 169.958, 392.168, 392.673, -0.17, 2.18, 0.51
19.12, -169.334, -392.886, -392.0, -1.5, 0.73, -1.24
19.14, 170.094, 392.168, 392.741, -0.17, 2.18, 0.4
19.16, -169.334, -392.954, -392.0, -1.5, 0.84, -1.02
19.18, 169.958, 392.236, 392.741, -0.17, 2.18, 0.4
19.2, -169.402, -392.954, -391.932, -1.61, 0.73, -1.24
19.22, 169.89, 392.236, 392.741, -0.06, 2.18, 0.29
19.24, -169.334, -392.886, -391.932, -1.61, 0.62, -1.13
19.26, 170.026, 392.236, 392.673, -0.17, 2.18, 0.51
19.28, -169.402, -392.818, -392.0, -1.61, 0.73, -1.13
19.3, 170.094, 392.236, 392.741, -0.06, 2.18, 0.29
19.32, -169.402, -392.886, -392.068, -1.61, 0.62, -1.24
19.34, 169.89, 392.168, 392.673, -0.17, 2.29, 0.29
19.36, -169.334, -392.818, -391.932, -1.72, 0.62, -1.13
19.38, 170.026, 392.168, 392.741, -0.06, 2.07, 0.4
19.4, -169.334, -392.886, -392.068, -1.5, 0.84, -1.24
19.42, 170.026, 392.168, 392.673, -0.17, 2.29, 0.4
19.44, -169.266, -392.818, -392.0, -1.5, 0.84, -1.13
19.46, 169.958, 392.1, 392.741, -0.06, 2.29, 0.4
19.48, -169.266, -392.886, -391.932, -1.61, 0.84, -1.13
19.5, 169.958, 392.032, 392.741, -0.06, 2.18, 0.29
19.52, -169.334, -392.886, -392.0, -1.5, 0.73, -1.13
19.54, 169.958, 392.1, 392.741, -0.06, 2.41, 0.29
19.56, -169.334, -392.818, -392.0, -1.72, 0.73, -1.24
19.58, 169.89, 392.168, 392.741, -0.17, 2.29, 0.4
19.6, -169.334, -393.022, -392.068, -1.61, 0.84, -1.13
19.62, 169.958, 392.168, 392.673, -0.17, 2.29, 0.29
19.64, -169.334, -392.886, -392.068, -1.5, 0.73, -1.24
19.66, 169.958, 392.236, 392.673, -0.06, 2.18, 0.4
19.68, -169.402, -392.954, -392.0, -1.5, 0.73, -1.02
19.7, 170.026, 392.168, 392.673, -0.17, 2.29, 0.51
19.72, -169.402, -392.818, -392.068, -1.61, 0.84, -1.24
19.74, 169.958, 392.236, 392.605, -0.17, 2.29, 0.4
19.76, -169.402, -392.954, -392.136, -1.72, 0.62, -1.13
19.78, 169.958, 392.304, 392.673, -0.28, 2.29, 0.4
19.8, -169.402, -392.886, -391.932, -1.5, 0.84, -1.24
19.82, 169.958, 392.168, 392.605, -0.06, 2.29, 0.51
19.84, -169.334, -392.818, -392.068, -1.5, 0.73, -1.13
19.86, 169.958, 392.168, 392.673, -0.06, 2.18, 0.4
19.88, -169.334, -392.818, -392.0, -1.61, 0.73, -1.13
19.9, 169.958, 392.304, 392.741, -0.17, 2.41, 0.4
19.92, -169.402, -392.818, -392.0, -1.61, 0.62, -1.02
19.94, 169.958, 392.236, 392.673, -0.06, 2.18, 0.51
19.96, -169.402, -392.818, -391.932, -1.72, 0.73, -1.13
19.98, 169.958, 392.168, 392.605, -0.17, 2.18, 0.4
